
id,name,email
1,John Doe,john@example.com
2,Jane Smith,jane@example.com
3,Bob Lee,bob@example.com
4,Elvs Otieno,elvis.otieno@example.com
5,Alice Brown,alice.brown@example.com
6,Tom Hardy,tom.hardy@example.com
7,Mary Njoki,mary.njoki@example.com
8,Kevin Omondi,kevin.omondi@example.com
9,Sandra Kip,sandra.kip@example.com
10,Brian Kimani,brian.kimani@example.com
11,Lucy Wangari,lucy.wangari@example.com
12,George Maina,george.maina@example.com


